-- phpMyAdmin SQL Dump
-- version 5.0.2
-- https://www.phpmyadmin.net/
--
-- Servidor: localhost:3306
-- Tiempo de generación: 01-11-2021 a las 13:05:52
-- Versión del servidor: 5.7.24
-- Versión de PHP: 7.4.11

SET SQL_MODE = "NO_AUTO_VALUE_ON_ZERO";
START TRANSACTION;
SET time_zone = "+00:00";


/*!40101 SET @OLD_CHARACTER_SET_CLIENT=@@CHARACTER_SET_CLIENT */;
/*!40101 SET @OLD_CHARACTER_SET_RESULTS=@@CHARACTER_SET_RESULTS */;
/*!40101 SET @OLD_COLLATION_CONNECTION=@@COLLATION_CONNECTION */;
/*!40101 SET NAMES utf8mb4 */;

--
-- Base de datos: `ventaslite`
--

-- --------------------------------------------------------

--
-- Estructura de tabla para la tabla `categories`
--

CREATE TABLE `categories` (
  `id` bigint(20) UNSIGNED NOT NULL,
  `name` varchar(255) COLLATE utf8mb4_unicode_ci NOT NULL,
  `image` varchar(100) COLLATE utf8mb4_unicode_ci DEFAULT NULL,
  `created_at` timestamp NULL DEFAULT NULL,
  `updated_at` timestamp NULL DEFAULT NULL
) ENGINE=InnoDB DEFAULT CHARSET=utf8mb4 COLLATE=utf8mb4_unicode_ci;

--
-- Volcado de datos para la tabla `categories`
--

INSERT INTO `categories` (`id`, `name`, `image`, `created_at`, `updated_at`) VALUES
(1, 'CURSOS', 'https://dummyimage.com/200x150/5c5756/fff', '2021-04-28 04:11:14', '2021-04-28 04:11:14'),
(2, 'TENIS', 'https://dummyimage.com/200x150/5c5756/fff', '2021-04-28 04:11:14', '2021-04-28 04:11:14'),
(3, 'CELULARES2', '609cc5e992d03_.png', '2021-04-28 04:11:14', '2021-05-13 11:23:37'),
(4, 'COMPUTADORAS', 'https://dummyimage.com/200x150/5c5756/fff', '2021-04-28 04:11:14', '2021-04-28 04:11:14'),
(8, 'NUEVA', '609a9f410a128_.jpg', '2021-05-11 10:54:40', '2021-05-11 20:14:09'),
(13, 'OTRA', ' ', '2021-05-13 18:21:22', '2021-05-13 18:21:22'),
(14, 'mi categorya', '610874e9ec753_.jpg', '2021-08-03 03:42:34', '2021-08-03 03:42:49');

-- --------------------------------------------------------

--
-- Estructura de tabla para la tabla `companies`
--

CREATE TABLE `companies` (
  `id` bigint(20) UNSIGNED NOT NULL,
  `name` varchar(255) COLLATE utf8mb4_unicode_ci NOT NULL,
  `address` text COLLATE utf8mb4_unicode_ci,
  `phone` varchar(10) COLLATE utf8mb4_unicode_ci DEFAULT NULL,
  `taxpayer_id` varchar(20) COLLATE utf8mb4_unicode_ci DEFAULT NULL,
  `created_at` timestamp NULL DEFAULT NULL,
  `updated_at` timestamp NULL DEFAULT NULL
) ENGINE=InnoDB DEFAULT CHARSET=utf8mb4 COLLATE=utf8mb4_unicode_ci;

--
-- Volcado de datos para la tabla `companies`
--

INSERT INTO `companies` (`id`, `name`, `address`, `phone`, `taxpayer_id`, `created_at`, `updated_at`) VALUES
(1, 'LFAX COMPANY', 'MEXICO CITY', '3511159550', 'LF12345678', '2021-07-08 19:43:06', '2021-07-08 19:43:06');

-- --------------------------------------------------------

--
-- Estructura de tabla para la tabla `denominations`
--

CREATE TABLE `denominations` (
  `id` bigint(20) UNSIGNED NOT NULL,
  `type` enum('BILLETE','MONEDA','OTRO') COLLATE utf8mb4_unicode_ci NOT NULL DEFAULT 'BILLETE',
  `value` varchar(255) COLLATE utf8mb4_unicode_ci NOT NULL,
  `image` varchar(100) COLLATE utf8mb4_unicode_ci DEFAULT NULL,
  `created_at` timestamp NULL DEFAULT NULL,
  `updated_at` timestamp NULL DEFAULT NULL
) ENGINE=InnoDB DEFAULT CHARSET=utf8mb4 COLLATE=utf8mb4_unicode_ci;

--
-- Volcado de datos para la tabla `denominations`
--

INSERT INTO `denominations` (`id`, `type`, `value`, `image`, `created_at`, `updated_at`) VALUES
(1, 'BILLETE', '1000', NULL, '2021-04-28 04:11:14', '2021-04-28 04:11:14'),
(2, 'BILLETE', '500', NULL, '2021-04-28 04:11:14', '2021-04-28 04:11:14'),
(3, 'BILLETE', '200', NULL, '2021-04-28 04:11:14', '2021-04-28 04:11:14'),
(4, 'BILLETE', '100', NULL, '2021-04-28 04:11:14', '2021-04-28 04:11:14'),
(5, 'BILLETE', '50', NULL, '2021-04-28 04:11:14', '2021-04-28 04:11:14'),
(6, 'BILLETE', '20', NULL, '2021-04-28 04:11:14', '2021-04-28 04:11:14'),
(7, 'MONEDA', '10', NULL, '2021-04-28 04:11:14', '2021-04-28 04:11:14'),
(8, 'MONEDA', '5', NULL, '2021-04-28 04:11:14', '2021-04-28 04:11:14'),
(9, 'MONEDA', '2', NULL, '2021-04-28 04:11:14', '2021-04-28 04:11:14'),
(10, 'MONEDA', '1', NULL, '2021-04-28 04:11:14', '2021-04-28 04:11:14'),
(11, 'MONEDA', '0.5', NULL, '2021-04-28 04:11:14', '2021-04-28 04:11:14'),
(12, 'OTRO', '0', NULL, '2021-04-28 04:11:14', '2021-04-28 04:11:14'),
(14, 'MONEDA', '12', '60a50efdedc7f_.png', '2021-05-19 18:13:33', '2021-05-19 18:13:33');

-- --------------------------------------------------------

--
-- Estructura de tabla para la tabla `failed_jobs`
--

CREATE TABLE `failed_jobs` (
  `id` bigint(20) UNSIGNED NOT NULL,
  `uuid` varchar(255) COLLATE utf8mb4_unicode_ci NOT NULL,
  `connection` text COLLATE utf8mb4_unicode_ci NOT NULL,
  `queue` text COLLATE utf8mb4_unicode_ci NOT NULL,
  `payload` longtext COLLATE utf8mb4_unicode_ci NOT NULL,
  `exception` longtext COLLATE utf8mb4_unicode_ci NOT NULL,
  `failed_at` timestamp NOT NULL DEFAULT CURRENT_TIMESTAMP
) ENGINE=InnoDB DEFAULT CHARSET=utf8mb4 COLLATE=utf8mb4_unicode_ci;

-- --------------------------------------------------------

--
-- Estructura de tabla para la tabla `migrations`
--

CREATE TABLE `migrations` (
  `id` int(10) UNSIGNED NOT NULL,
  `migration` varchar(255) COLLATE utf8mb4_unicode_ci NOT NULL,
  `batch` int(11) NOT NULL
) ENGINE=InnoDB DEFAULT CHARSET=utf8mb4 COLLATE=utf8mb4_unicode_ci;

--
-- Volcado de datos para la tabla `migrations`
--

INSERT INTO `migrations` (`id`, `migration`, `batch`) VALUES
(1, '2014_10_12_000000_create_users_table', 1),
(2, '2014_10_12_100000_create_password_resets_table', 1),
(3, '2019_08_19_000000_create_failed_jobs_table', 1),
(4, '2021_04_23_222909_create_companies_table', 1),
(5, '2021_04_23_230101_create_denominations_table', 1),
(6, '2021_04_24_005808_create_categories_table', 1),
(7, '2021_04_24_041446_create_products_table', 1),
(8, '2021_04_24_051547_create_sales_table', 1),
(9, '2021_04_24_054445_create_sale_details_table', 1),
(10, '2021_06_03_043450_create_permission_tables', 2);

-- --------------------------------------------------------

--
-- Estructura de tabla para la tabla `model_has_permissions`
--

CREATE TABLE `model_has_permissions` (
  `permission_id` bigint(20) UNSIGNED NOT NULL,
  `model_type` varchar(255) COLLATE utf8mb4_unicode_ci NOT NULL,
  `model_id` bigint(20) UNSIGNED NOT NULL
) ENGINE=InnoDB DEFAULT CHARSET=utf8mb4 COLLATE=utf8mb4_unicode_ci;

-- --------------------------------------------------------

--
-- Estructura de tabla para la tabla `model_has_roles`
--

CREATE TABLE `model_has_roles` (
  `role_id` bigint(20) UNSIGNED NOT NULL,
  `model_type` varchar(255) COLLATE utf8mb4_unicode_ci NOT NULL,
  `model_id` bigint(20) UNSIGNED NOT NULL
) ENGINE=InnoDB DEFAULT CHARSET=utf8mb4 COLLATE=utf8mb4_unicode_ci;

--
-- Volcado de datos para la tabla `model_has_roles`
--

INSERT INTO `model_has_roles` (`role_id`, `model_type`, `model_id`) VALUES
(1, 'App\\Models\\User', 1),
(3, 'App\\Models\\User', 1),
(1, 'App\\Models\\User', 3);

-- --------------------------------------------------------

--
-- Estructura de tabla para la tabla `password_resets`
--

CREATE TABLE `password_resets` (
  `email` varchar(255) COLLATE utf8mb4_unicode_ci NOT NULL,
  `token` varchar(255) COLLATE utf8mb4_unicode_ci NOT NULL,
  `created_at` timestamp NULL DEFAULT NULL
) ENGINE=InnoDB DEFAULT CHARSET=utf8mb4 COLLATE=utf8mb4_unicode_ci;

-- --------------------------------------------------------

--
-- Estructura de tabla para la tabla `permissions`
--

CREATE TABLE `permissions` (
  `id` bigint(20) UNSIGNED NOT NULL,
  `name` varchar(255) COLLATE utf8mb4_unicode_ci NOT NULL,
  `guard_name` varchar(255) COLLATE utf8mb4_unicode_ci NOT NULL,
  `created_at` timestamp NULL DEFAULT NULL,
  `updated_at` timestamp NULL DEFAULT NULL
) ENGINE=InnoDB DEFAULT CHARSET=utf8mb4 COLLATE=utf8mb4_unicode_ci;

--
-- Volcado de datos para la tabla `permissions`
--

INSERT INTO `permissions` (`id`, `name`, `guard_name`, `created_at`, `updated_at`) VALUES
(1, 'Category_Index', 'web', '2021-06-15 18:28:43', '2021-07-08 04:28:26'),
(2, 'Category_Create', 'web', '2021-06-15 18:29:03', '2021-07-08 04:28:40'),
(3, 'Category_Update', 'web', '2021-07-08 04:28:53', '2021-07-08 04:28:53'),
(4, 'Category_Destroy', 'web', '2021-07-08 04:28:59', '2021-07-08 04:28:59'),
(5, 'Category_Search', 'web', '2021-07-08 04:29:09', '2021-07-08 04:29:09'),
(6, 'Product_Index', 'web', '2021-07-08 19:15:38', '2021-07-08 19:15:38'),
(7, 'Product_Create', 'web', '2021-07-08 19:15:44', '2021-07-08 19:15:44'),
(8, 'Product_Update', 'web', '2021-07-08 19:17:58', '2021-07-08 19:17:58'),
(9, 'Product_Destroy', 'web', '2021-07-08 19:18:04', '2021-07-08 19:18:04'),
(10, 'Product_Search', 'web', '2021-07-08 19:18:17', '2021-07-08 19:18:17');

-- --------------------------------------------------------

--
-- Estructura de tabla para la tabla `products`
--

CREATE TABLE `products` (
  `id` bigint(20) UNSIGNED NOT NULL,
  `name` varchar(255) COLLATE utf8mb4_unicode_ci NOT NULL,
  `barcode` varchar(25) COLLATE utf8mb4_unicode_ci DEFAULT NULL,
  `cost` decimal(10,2) NOT NULL DEFAULT '0.00',
  `price` decimal(10,2) NOT NULL DEFAULT '0.00',
  `stock` int(11) NOT NULL,
  `alerts` int(11) NOT NULL,
  `image` varchar(100) COLLATE utf8mb4_unicode_ci DEFAULT NULL,
  `category_id` bigint(20) UNSIGNED NOT NULL,
  `created_at` timestamp NULL DEFAULT NULL,
  `updated_at` timestamp NULL DEFAULT NULL
) ENGINE=InnoDB DEFAULT CHARSET=utf8mb4 COLLATE=utf8mb4_unicode_ci;

--
-- Volcado de datos para la tabla `products`
--

INSERT INTO `products` (`id`, `name`, `barcode`, `cost`, `price`, `stock`, `alerts`, `image`, `category_id`, `created_at`, `updated_at`) VALUES
(1, 'LARAVEL Y LIVEWIRE', '7501026005671', '200.00', '350.00', 900, 10, '60b7c8707771a_.png', 1, '2021-04-28 04:11:14', '2021-10-05 00:47:24'),
(2, 'RUNNING NIKE', '7506306311152', '600.00', '500.00', 980, 10, '60b7c880114be_.jpg', 2, '2021-04-28 04:11:14', '2021-10-02 05:11:15'),
(3, 'IPHONE 15', '7509552193831', '900.00', '1000.00', 967, 10, '60b7c8672b18d_.jpg', 3, '2021-04-28 04:11:14', '2021-10-02 21:28:45'),
(4, 'PC GAMMER', '7501385495199', '790.00', '850.00', 922, 10, '60b7c878cf78b_.jpg', 4, '2021-04-28 04:11:14', '2021-10-02 21:28:45'),
(5, 'CURSO PHP', '7501025403010', '0.00', '150.00', 238, 10, '60b7c84abcd54_.jpg', 1, '2021-05-16 18:47:51', '2021-10-14 21:09:36'),
(6, 'producto x', '1', '100.00', '5000.51', 99, 1, NULL, 13, '2021-08-04 01:03:21', '2021-08-20 00:57:57'),
(7, 'Otro Producto', '2', '10.00', '125.00', 95, 1, NULL, 13, '2021-08-04 01:09:47', '2021-10-14 21:09:36');

-- --------------------------------------------------------

--
-- Estructura de tabla para la tabla `roles`
--

CREATE TABLE `roles` (
  `id` bigint(20) UNSIGNED NOT NULL,
  `name` varchar(255) COLLATE utf8mb4_unicode_ci NOT NULL,
  `guard_name` varchar(255) COLLATE utf8mb4_unicode_ci NOT NULL,
  `created_at` timestamp NULL DEFAULT NULL,
  `updated_at` timestamp NULL DEFAULT NULL
) ENGINE=InnoDB DEFAULT CHARSET=utf8mb4 COLLATE=utf8mb4_unicode_ci;

--
-- Volcado de datos para la tabla `roles`
--

INSERT INTO `roles` (`id`, `name`, `guard_name`, `created_at`, `updated_at`) VALUES
(1, 'Admin', 'web', '2021-06-12 09:23:06', '2021-06-12 09:23:06'),
(3, 'Cliente', 'web', '2021-06-12 09:31:06', '2021-06-12 09:31:06');

-- --------------------------------------------------------

--
-- Estructura de tabla para la tabla `role_has_permissions`
--

CREATE TABLE `role_has_permissions` (
  `permission_id` bigint(20) UNSIGNED NOT NULL,
  `role_id` bigint(20) UNSIGNED NOT NULL
) ENGINE=InnoDB DEFAULT CHARSET=utf8mb4 COLLATE=utf8mb4_unicode_ci;

--
-- Volcado de datos para la tabla `role_has_permissions`
--

INSERT INTO `role_has_permissions` (`permission_id`, `role_id`) VALUES
(1, 1),
(2, 1),
(3, 1),
(4, 1),
(5, 1),
(6, 1),
(7, 1),
(8, 1),
(9, 1),
(10, 1),
(1, 3),
(2, 3);

-- --------------------------------------------------------

--
-- Estructura de tabla para la tabla `sales`
--

CREATE TABLE `sales` (
  `id` bigint(20) UNSIGNED NOT NULL,
  `total` decimal(10,2) NOT NULL,
  `items` int(11) NOT NULL,
  `cash` decimal(10,2) NOT NULL,
  `change` decimal(10,2) NOT NULL,
  `status` enum('PAID','PENDING','CANCELLED') COLLATE utf8mb4_unicode_ci NOT NULL DEFAULT 'PAID',
  `user_id` bigint(20) UNSIGNED NOT NULL,
  `created_at` timestamp NULL DEFAULT NULL,
  `updated_at` timestamp NULL DEFAULT NULL
) ENGINE=InnoDB DEFAULT CHARSET=utf8mb4 COLLATE=utf8mb4_unicode_ci;

--
-- Volcado de datos para la tabla `sales`
--

INSERT INTO `sales` (`id`, `total`, `items`, `cash`, `change`, `status`, `user_id`, `created_at`, `updated_at`) VALUES
(5, '2350.00', 3, '2350.00', '0.00', 'PAID', 1, '2021-06-03 09:15:25', '2021-06-03 09:15:25'),
(6, '2350.00', 3, '2350.00', '0.00', 'PAID', 1, '2021-06-03 09:18:37', '2021-06-03 09:18:37'),
(7, '2350.00', 3, '2350.00', '0.00', 'PAID', 1, '2021-06-01 05:33:27', '2021-06-01 05:33:27'),
(8, '2700.00', 3, '2700.00', '0.00', 'PAID', 1, '2021-06-24 03:33:45', '2021-06-24 03:33:45'),
(9, '1500.00', 3, '2000.00', '500.00', 'PAID', 1, '2021-06-25 03:34:52', '2021-06-25 03:34:52'),
(10, '150.00', 0, '150.00', '0.00', 'PAID', 1, '2021-07-02 09:43:39', '2021-07-02 09:43:39'),
(11, '1550.00', 3, '1550.00', '0.00', 'PAID', 1, '2021-07-02 09:52:23', '2021-07-02 09:52:23'),
(12, '500.00', 1, '500.00', '0.00', 'PAID', 3, '2021-07-07 09:06:01', '2021-07-07 09:06:01'),
(13, '1000.00', 0, '1000.00', '0.00', 'PAID', 1, '2021-07-12 18:37:25', '2021-07-12 18:37:25'),
(14, '350.00', 0, '350.00', '0.00', 'PAID', 1, '2021-07-12 18:38:25', '2021-07-12 18:38:25'),
(15, '350.00', 0, '350.00', '0.00', 'PAID', 1, '2021-07-12 18:38:54', '2021-07-12 18:38:54'),
(16, '350.00', 0, '350.00', '0.00', 'PAID', 1, '2021-07-12 18:40:22', '2021-07-12 18:40:22'),
(17, '1000.00', 0, '1000.00', '0.00', 'PAID', 1, '2021-07-13 01:36:51', '2021-07-13 01:36:51'),
(18, '1550.00', 3, '2000.00', '450.00', 'PAID', 1, '2021-07-14 18:36:13', '2021-07-14 18:36:13'),
(19, '1150.00', 1, '1150.00', '0.00', 'PAID', 1, '2021-07-14 18:39:50', '2021-07-14 18:39:50'),
(20, '850.00', 1, '1000.00', '150.00', 'PAID', 1, '2021-07-15 00:52:53', '2021-07-15 00:52:53'),
(21, '350.00', 0, '500.00', '150.00', 'PAID', 1, '2021-07-15 00:55:18', '2021-07-15 00:55:18'),
(22, '350.00', 0, '550.00', '200.00', 'PAID', 1, '2021-07-15 00:57:47', '2021-07-15 00:57:47'),
(23, '350.00', 0, '500.00', '150.00', 'PAID', 1, '2021-07-15 00:59:15', '2021-07-15 00:59:15'),
(24, '350.00', 0, '500.00', '150.00', 'PAID', 1, '2021-07-15 01:03:00', '2021-07-15 01:03:00'),
(25, '150.00', 0, '200.00', '50.00', 'PAID', 1, '2021-07-15 01:06:24', '2021-07-15 01:06:24'),
(26, '500.00', 0, '1000.00', '500.00', 'PAID', 1, '2021-07-15 01:08:18', '2021-07-15 01:08:18'),
(27, '2050.00', 3, '2500.00', '450.00', 'PAID', 1, '2021-07-15 01:26:03', '2021-07-15 01:26:03'),
(28, '2750.00', 5, '3000.00', '250.00', 'PAID', 1, '2021-07-15 04:37:02', '2021-07-15 04:37:02'),
(29, '1200.00', 0, '1200.00', '0.00', 'PAID', 1, '2021-07-15 04:37:59', '2021-07-15 04:37:59'),
(30, '350.00', 0, '350.00', '0.00', 'PAID', 1, '2021-07-15 05:45:45', '2021-07-15 05:45:45'),
(31, '350.00', 0, '350.00', '0.00', 'PAID', 1, '2021-07-15 05:48:38', '2021-07-15 05:48:38'),
(32, '350.00', 0, '350.00', '0.00', 'PAID', 1, '2021-07-15 05:49:55', '2021-07-15 05:49:55'),
(33, '850.00', 0, '850.00', '0.00', 'PAID', 1, '2021-07-15 05:50:21', '2021-07-15 05:50:21'),
(34, '350.00', 0, '350.00', '0.00', 'PAID', 1, '2021-07-15 06:13:27', '2021-07-15 06:13:27'),
(35, '350.00', 0, '350.00', '0.00', 'PAID', 1, '2021-07-15 06:13:54', '2021-07-15 06:13:54'),
(36, '850.00', 0, '850.00', '0.00', 'PAID', 1, '2021-07-15 06:16:50', '2021-07-15 06:16:50'),
(37, '350.00', 0, '350.00', '0.00', 'PAID', 1, '2021-07-15 06:23:26', '2021-07-15 06:23:26'),
(38, '350.00', 0, '350.00', '0.00', 'PAID', 1, '2021-07-15 06:23:48', '2021-07-15 06:23:48'),
(39, '850.00', 0, '850.00', '0.00', 'PAID', 1, '2021-07-15 06:24:10', '2021-07-15 06:24:10'),
(40, '1200.00', 0, '1200.00', '0.00', 'PAID', 1, '2021-07-15 19:06:47', '2021-07-15 19:06:47'),
(41, '1200.00', 0, '1200.00', '0.00', 'PAID', 1, '2021-07-15 19:08:12', '2021-07-15 19:08:12'),
(42, '850.00', 0, '850.00', '0.00', 'PAID', 1, '2021-07-15 19:17:15', '2021-07-15 19:17:15'),
(43, '850.00', 0, '850.00', '0.00', 'PAID', 1, '2021-07-15 19:18:30', '2021-07-15 19:18:30'),
(44, '850.00', 0, '850.00', '0.00', 'PAID', 1, '2021-07-15 19:19:00', '2021-07-15 19:19:00'),
(45, '850.00', 0, '850.00', '0.00', 'PAID', 1, '2021-07-15 19:20:30', '2021-07-15 19:20:30'),
(46, '850.00', 0, '850.00', '0.00', 'PAID', 1, '2021-07-15 19:21:02', '2021-07-15 19:21:02'),
(47, '850.00', 0, '850.00', '0.00', 'PAID', 1, '2021-07-15 19:25:40', '2021-07-15 19:25:40'),
(48, '350.00', 0, '350.00', '0.00', 'PAID', 1, '2021-07-15 19:26:26', '2021-07-15 19:26:26'),
(49, '850.00', 0, '850.00', '0.00', 'PAID', 1, '2021-07-15 19:27:12', '2021-07-15 19:27:12'),
(50, '350.00', 0, '350.00', '0.00', 'PAID', 1, '2021-07-15 19:28:19', '2021-07-15 19:28:19'),
(51, '350.00', 0, '350.00', '0.00', 'PAID', 1, '2021-07-15 19:28:42', '2021-07-15 19:28:42'),
(52, '350.00', 0, '350.00', '0.00', 'PAID', 1, '2021-07-15 19:29:12', '2021-07-15 19:29:12'),
(53, '850.00', 0, '850.00', '0.00', 'PAID', 1, '2021-07-15 19:36:46', '2021-07-15 19:36:46'),
(54, '850.00', 0, '850.00', '0.00', 'PAID', 1, '2021-07-15 19:38:37', '2021-07-15 19:38:37'),
(55, '350.00', 0, '350.00', '0.00', 'PAID', 1, '2021-07-15 20:20:19', '2021-07-15 20:20:19'),
(56, '850.00', 0, '850.00', '0.00', 'PAID', 1, '2021-07-15 20:20:53', '2021-07-15 20:20:53'),
(57, '350.00', 0, '350.00', '0.00', 'PAID', 1, '2021-07-15 20:21:53', '2021-07-15 20:21:53'),
(58, '350.00', 1, '350.00', '0.00', 'PAID', 1, '2021-07-15 20:26:28', '2021-07-15 20:26:28'),
(59, '850.00', 0, '850.00', '0.00', 'PAID', 1, '2021-07-15 20:27:30', '2021-07-15 20:27:30'),
(60, '350.00', 0, '350.00', '0.00', 'PAID', 1, '2021-07-15 20:32:20', '2021-07-15 20:32:20'),
(61, '850.00', 0, '850.00', '0.00', 'PAID', 1, '2021-07-15 20:33:00', '2021-07-15 20:33:00'),
(62, '850.00', 0, '850.00', '0.00', 'PAID', 1, '2021-07-15 20:35:18', '2021-07-15 20:35:18'),
(63, '850.00', 0, '850.00', '0.00', 'PAID', 1, '2021-07-15 20:36:05', '2021-07-15 20:36:05'),
(64, '350.00', 0, '350.00', '0.00', 'PAID', 1, '2021-07-15 20:36:48', '2021-07-15 20:36:48'),
(65, '850.00', 0, '850.00', '0.00', 'PAID', 1, '2021-07-15 20:40:16', '2021-07-15 20:40:16'),
(66, '850.00', 0, '850.00', '0.00', 'PAID', 1, '2021-07-15 20:40:32', '2021-07-15 20:40:32'),
(67, '850.00', 0, '850.00', '0.00', 'PAID', 1, '2021-07-15 20:40:41', '2021-07-15 20:40:41'),
(68, '350.00', 0, '350.00', '0.00', 'PAID', 1, '2021-07-15 20:41:00', '2021-07-15 20:41:00'),
(69, '850.00', 0, '850.00', '0.00', 'PAID', 1, '2021-07-15 20:41:08', '2021-07-15 20:41:08'),
(70, '350.00', 0, '350.00', '0.00', 'PAID', 1, '2021-07-15 20:45:43', '2021-07-15 20:45:43'),
(71, '350.00', 0, '350.00', '0.00', 'PAID', 1, '2021-07-15 20:45:57', '2021-07-15 20:45:57'),
(72, '850.00', 0, '850.00', '0.00', 'PAID', 1, '2021-07-15 20:52:56', '2021-07-15 20:52:56'),
(73, '850.00', 0, '850.00', '0.00', 'PAID', 1, '2021-07-15 20:53:06', '2021-07-15 20:53:06'),
(74, '350.00', 0, '350.00', '0.00', 'PAID', 1, '2021-07-15 20:57:32', '2021-07-15 20:57:32'),
(75, '850.00', 0, '850.00', '0.00', 'PAID', 1, '2021-07-15 20:59:48', '2021-07-15 20:59:48'),
(76, '850.00', 0, '850.00', '0.00', 'PAID', 1, '2021-07-15 22:02:48', '2021-07-15 22:02:48'),
(77, '850.00', 0, '850.00', '0.00', 'PAID', 1, '2021-07-15 22:04:39', '2021-07-15 22:04:39'),
(78, '850.00', 0, '850.00', '0.00', 'PAID', 1, '2021-07-15 22:09:47', '2021-07-15 22:09:47'),
(79, '850.00', 0, '850.00', '0.00', 'PAID', 1, '2021-07-15 22:29:20', '2021-07-15 22:29:20'),
(80, '850.00', 0, '850.00', '0.00', 'PAID', 1, '2021-07-15 22:29:44', '2021-07-15 22:29:44'),
(81, '850.00', 0, '850.00', '0.00', 'PAID', 1, '2021-07-15 22:29:57', '2021-07-15 22:29:57'),
(82, '850.00', 0, '850.00', '0.00', 'PAID', 1, '2021-07-15 22:30:22', '2021-07-15 22:30:22'),
(83, '850.00', 0, '850.00', '0.00', 'PAID', 1, '2021-07-15 22:30:31', '2021-07-15 22:30:31'),
(84, '850.00', 0, '850.00', '0.00', 'PAID', 1, '2021-07-15 22:47:26', '2021-07-15 22:47:26'),
(85, '850.00', 0, '850.00', '0.00', 'PAID', 1, '2021-07-15 22:47:45', '2021-07-15 22:47:45'),
(86, '850.00', 0, '850.00', '0.00', 'PAID', 1, '2021-07-15 22:50:11', '2021-07-15 22:50:11'),
(87, '850.00', 0, '850.00', '0.00', 'PAID', 1, '2021-07-15 22:50:20', '2021-07-15 22:50:20'),
(88, '2850.00', 5, '3000.00', '150.00', 'PAID', 1, '2021-07-24 05:35:06', '2021-07-24 05:35:06'),
(89, '1500.00', 2, '1500.00', '0.00', 'PAID', 1, '2021-07-24 05:38:01', '2021-07-24 05:38:01'),
(90, '1850.00', 3, '1850.00', '0.00', 'PAID', 1, '2021-07-24 05:38:46', '2021-07-24 05:38:46'),
(91, '2850.00', 5, '2850.00', '0.00', 'PAID', 1, '2021-07-24 05:42:51', '2021-07-24 05:42:51'),
(92, '2850.00', 5, '2850.00', '0.00', 'PAID', 1, '2021-07-24 05:44:57', '2021-07-24 05:44:57'),
(93, '2850.00', 5, '2850.00', '0.00', 'PAID', 1, '2021-07-24 05:47:17', '2021-07-24 05:47:17'),
(94, '350.00', 1, '350.00', '0.00', 'PAID', 1, '2021-07-27 02:17:04', '2021-07-27 02:17:04'),
(95, '350.00', 1, '350.00', '0.00', 'PAID', 1, '2021-07-27 02:19:35', '2021-07-27 02:19:35'),
(96, '350.00', 1, '350.00', '0.00', 'PAID', 1, '2021-07-27 02:22:34', '2021-07-27 02:22:34'),
(97, '350.00', 1, '350.00', '0.00', 'PAID', 1, '2021-07-27 02:23:06', '2021-07-27 02:23:06'),
(98, '350.00', 1, '350.00', '0.00', 'PAID', 1, '2021-07-27 02:23:48', '2021-07-27 02:23:48'),
(99, '350.00', 1, '350.00', '0.00', 'PAID', 1, '2021-07-27 02:26:45', '2021-07-27 02:26:45'),
(100, '350.00', 1, '350.00', '0.00', 'PAID', 1, '2021-07-27 02:27:43', '2021-07-27 02:27:43'),
(101, '350.00', 1, '350.00', '0.00', 'PAID', 1, '2021-07-27 02:34:21', '2021-07-27 02:34:21'),
(102, '350.00', 1, '350.00', '0.00', 'PAID', 1, '2021-07-27 02:39:26', '2021-07-27 02:39:26'),
(103, '1200.00', 2, '1550.00', '350.00', 'PAID', 1, '2021-07-27 02:40:16', '2021-07-27 02:40:16'),
(104, '1200.00', 2, '1200.00', '0.00', 'PAID', 1, '2021-07-27 02:45:01', '2021-07-27 02:45:01'),
(105, '1200.00', 2, '1200.00', '0.00', 'PAID', 1, '2021-07-27 02:47:10', '2021-07-27 02:47:10'),
(106, '350.00', 1, '350.00', '0.00', 'PAID', 1, '2021-07-27 02:53:48', '2021-07-27 02:53:48'),
(107, '350.00', 1, '350.00', '0.00', 'PAID', 1, '2021-07-27 02:55:35', '2021-07-27 02:55:35'),
(108, '350.00', 1, '350.00', '0.00', 'PAID', 1, '2021-07-27 02:57:39', '2021-07-27 02:57:39'),
(109, '350.00', 1, '350.00', '0.00', 'PAID', 1, '2021-07-27 03:00:31', '2021-07-27 03:00:31'),
(110, '350.00', 1, '350.00', '0.00', 'PAID', 1, '2021-07-27 03:00:39', '2021-07-27 03:00:39'),
(111, '1550.00', 3, '1550.00', '0.00', 'PAID', 1, '2021-07-27 03:06:59', '2021-07-27 03:06:59'),
(112, '1200.00', 2, '1200.00', '0.00', 'PAID', 1, '2021-07-27 03:09:16', '2021-07-27 03:09:16'),
(113, '850.00', 1, '850.00', '0.00', 'PAID', 1, '2021-07-27 03:09:59', '2021-07-27 03:09:59'),
(114, '350.00', 1, '350.00', '0.00', 'PAID', 1, '2021-07-27 03:12:47', '2021-07-27 03:12:47'),
(115, '350.00', 1, '350.00', '0.00', 'PAID', 1, '2021-07-27 03:15:14', '2021-07-27 03:15:14'),
(116, '350.00', 1, '350.00', '0.00', 'PAID', 1, '2021-07-27 03:17:05', '2021-07-27 03:17:05'),
(117, '850.00', 1, '850.00', '0.00', 'PAID', 1, '2021-07-27 03:18:04', '2021-07-27 03:18:04'),
(118, '850.00', 1, '850.00', '0.00', 'PAID', 1, '2021-07-27 03:19:12', '2021-07-27 03:19:12'),
(119, '2750.00', 5, '3000.00', '250.00', 'PAID', 1, '2021-07-27 03:33:40', '2021-07-27 03:33:40'),
(120, '1700.00', 3, '2000.00', '300.00', 'PAID', 1, '2021-07-27 03:39:52', '2021-07-27 03:39:52'),
(121, '150.00', 1, '200.00', '50.00', 'PAID', 1, '2021-08-19 08:59:17', '2021-08-19 08:59:17'),
(122, '3850.00', 6, '4000.00', '0.00', 'PAID', 1, '2021-08-19 09:15:13', '2021-08-19 09:15:13'),
(123, '2200.00', 3, '2500.00', '0.00', 'PAID', 1, '2021-08-19 09:40:42', '2021-08-19 09:40:42'),
(124, '5125.51', 2, '6000.00', '0.00', 'PAID', 1, '2021-08-20 00:57:57', '2021-08-20 00:57:57'),
(125, '1500.00', 3, '1500.00', '0.00', 'PAID', 1, '2021-09-29 19:53:40', '2021-09-29 19:53:40'),
(126, '2700.00', 4, '2700.00', '0.00', 'PAID', 1, '2021-10-02 04:59:19', '2021-10-02 04:59:19'),
(127, '1000.00', 1, '1000.00', '0.00', 'PAID', 1, '2021-10-02 05:02:36', '2021-10-02 05:02:36'),
(128, '350.00', 1, '350.00', '0.00', 'PAID', 1, '2021-10-02 05:03:29', '2021-10-02 05:03:29'),
(129, '350.00', 1, '350.00', '0.00', 'PAID', 1, '2021-10-02 05:04:40', '2021-10-02 05:04:40'),
(130, '2900.00', 5, '3000.00', '0.00', 'PAID', 1, '2021-10-02 05:05:44', '2021-10-02 05:05:44'),
(131, '1200.00', 2, '1500.00', '300.00', 'PAID', 1, '2021-10-02 05:10:53', '2021-10-02 05:10:53'),
(132, '500.00', 1, '500.00', '0.00', 'PAID', 1, '2021-10-02 05:11:15', '2021-10-02 05:11:15'),
(133, '975.00', 2, '1000.00', '25.00', 'PAID', 1, '2021-10-02 09:04:31', '2021-10-02 09:04:31'),
(134, '350.00', 1, '350.00', '0.00', 'PAID', 1, '2021-10-02 18:31:51', '2021-10-02 18:31:51'),
(135, '850.00', 1, '850.00', '0.00', 'PAID', 1, '2021-10-02 18:36:26', '2021-10-02 18:36:26'),
(136, '850.00', 1, '850.00', '0.00', 'PAID', 1, '2021-10-02 18:44:01', '2021-10-02 18:44:01'),
(137, '350.00', 1, '350.00', '0.00', 'PAID', 1, '2021-10-02 18:44:21', '2021-10-02 18:44:21'),
(138, '1000.00', 1, '1000.00', '0.00', 'PAID', 1, '2021-10-02 19:02:06', '2021-10-02 19:02:06'),
(139, '350.00', 1, '350.00', '0.00', 'PAID', 1, '2021-10-02 19:20:05', '2021-10-02 19:20:05'),
(140, '350.00', 1, '350.00', '0.00', 'PAID', 1, '2021-10-02 19:20:54', '2021-10-02 19:20:54'),
(141, '1000.00', 1, '1000.00', '0.00', 'PAID', 1, '2021-10-02 19:25:53', '2021-10-02 19:25:53'),
(142, '1000.00', 1, '1000.00', '0.00', 'PAID', 1, '2021-10-02 19:42:36', '2021-10-02 19:42:36'),
(143, '150.00', 1, '150.00', '0.00', 'PAID', 1, '2021-10-02 19:42:55', '2021-10-02 19:42:55'),
(144, '1000.00', 1, '1000.00', '0.00', 'PAID', 1, '2021-10-02 19:45:07', '2021-10-02 19:45:07'),
(145, '125.00', 1, '125.00', '0.00', 'PAID', 1, '2021-10-02 19:46:08', '2021-10-02 19:46:08'),
(146, '350.00', 1, '350.00', '0.00', 'PAID', 1, '2021-10-02 19:46:53', '2021-10-02 19:46:53'),
(147, '350.00', 1, '350.00', '0.00', 'PAID', 1, '2021-10-02 19:47:16', '2021-10-02 19:47:16'),
(148, '1000.00', 1, '1000.00', '0.00', 'PAID', 1, '2021-10-02 19:49:32', '2021-10-02 19:49:32'),
(149, '1000.00', 1, '1000.00', '0.00', 'PAID', 1, '2021-10-02 19:50:06', '2021-10-02 19:50:06'),
(150, '350.00', 1, '350.00', '0.00', 'PAID', 1, '2021-10-02 19:54:14', '2021-10-02 19:54:14'),
(151, '150.00', 1, '150.00', '0.00', 'PAID', 1, '2021-10-02 20:05:47', '2021-10-02 20:05:47'),
(152, '1000.00', 1, '1000.00', '0.00', 'PAID', 1, '2021-10-02 20:06:43', '2021-10-02 20:06:43'),
(153, '150.00', 1, '150.00', '0.00', 'PAID', 1, '2021-10-02 20:07:03', '2021-10-02 20:07:03'),
(154, '1000.00', 1, '1000.00', '0.00', 'PAID', 1, '2021-10-02 20:07:34', '2021-10-02 20:07:34'),
(155, '1000.00', 1, '1000.00', '0.00', 'PAID', 1, '2021-10-02 20:08:21', '2021-10-02 20:08:21'),
(156, '1200.00', 2, '1200.00', '0.00', 'PAID', 1, '2021-10-02 20:46:05', '2021-10-02 20:46:05'),
(157, '1350.00', 3, '2000.00', '650.00', 'PAID', 1, '2021-10-02 20:46:36', '2021-10-02 20:46:36'),
(158, '475.00', 2, '475.00', '0.00', 'PAID', 1, '2021-10-02 20:49:42', '2021-10-02 20:49:42'),
(159, '1150.00', 2, '1150.00', '0.00', 'PAID', 1, '2021-10-02 20:50:19', '2021-10-02 20:50:19'),
(160, '1200.00', 2, '2000.00', '800.00', 'PAID', 1, '2021-10-02 20:57:36', '2021-10-02 20:57:36'),
(161, '1200.00', 2, '1200.00', '0.00', 'PAID', 1, '2021-10-02 20:58:37', '2021-10-02 20:58:37'),
(162, '2200.00', 3, '2200.00', '0.00', 'PAID', 1, '2021-10-02 21:25:18', '2021-10-02 21:25:18'),
(163, '2200.00', 3, '2500.00', '300.00', 'PAID', 1, '2021-10-02 21:28:15', '2021-10-02 21:28:15'),
(164, '2200.00', 3, '2500.00', '300.00', 'PAID', 1, '2021-10-02 21:28:45', '2021-10-02 21:28:45'),
(165, '350.00', 1, '350.00', '0.00', 'PAID', 1, '2021-10-05 00:47:24', '2021-10-05 00:47:24'),
(166, '275.00', 2, '275.00', '0.00', 'PAID', 1, '2021-10-14 21:09:36', '2021-10-14 21:09:36');

-- --------------------------------------------------------

--
-- Estructura de tabla para la tabla `sale_details`
--

CREATE TABLE `sale_details` (
  `id` bigint(20) UNSIGNED NOT NULL,
  `price` decimal(10,2) NOT NULL,
  `quantity` decimal(10,2) NOT NULL,
  `product_id` bigint(20) UNSIGNED NOT NULL,
  `sale_id` bigint(20) UNSIGNED NOT NULL,
  `created_at` timestamp NULL DEFAULT NULL,
  `updated_at` timestamp NULL DEFAULT NULL
) ENGINE=InnoDB DEFAULT CHARSET=utf8mb4 COLLATE=utf8mb4_unicode_ci;

--
-- Volcado de datos para la tabla `sale_details`
--

INSERT INTO `sale_details` (`id`, `price`, `quantity`, `product_id`, `sale_id`, `created_at`, `updated_at`) VALUES
(1, '500.00', '1.00', 2, 5, '2021-06-03 09:15:25', '2021-06-03 09:15:25'),
(2, '1000.00', '1.00', 3, 5, '2021-06-03 09:15:25', '2021-06-03 09:15:25'),
(3, '850.00', '1.00', 4, 5, '2021-06-03 09:15:25', '2021-06-03 09:15:25'),
(4, '500.00', '1.00', 2, 6, '2021-06-03 09:18:37', '2021-06-03 09:18:37'),
(5, '1000.00', '1.00', 3, 6, '2021-06-03 09:18:37', '2021-06-03 09:18:37'),
(6, '850.00', '1.00', 4, 6, '2021-06-03 09:18:37', '2021-06-03 09:18:37'),
(7, '500.00', '1.00', 2, 7, '2021-06-04 05:33:27', '2021-06-04 05:33:27'),
(8, '1000.00', '1.00', 3, 7, '2021-06-04 05:33:27', '2021-06-04 05:33:27'),
(9, '850.00', '1.00', 4, 7, '2021-06-04 05:33:27', '2021-06-04 05:33:27'),
(10, '1000.00', '1.00', 3, 8, '2021-06-25 03:33:45', '2021-06-25 03:33:45'),
(11, '350.00', '1.00', 1, 8, '2021-06-25 03:33:45', '2021-06-25 03:33:45'),
(12, '850.00', '1.00', 4, 8, '2021-06-25 03:33:45', '2021-06-25 03:33:45'),
(13, '500.00', '1.00', 2, 8, '2021-06-25 03:33:45', '2021-06-25 03:33:45'),
(14, '500.00', '3.00', 2, 9, '2021-06-25 03:34:52', '2021-06-25 03:34:52'),
(15, '150.00', '1.00', 5, 10, '2021-07-02 09:43:39', '2021-07-02 09:43:39'),
(16, '850.00', '1.00', 4, 11, '2021-07-02 09:52:23', '2021-07-02 09:52:23'),
(17, '350.00', '2.00', 1, 11, '2021-07-02 09:52:23', '2021-07-02 09:52:23'),
(18, '150.00', '1.00', 5, 12, '2021-07-07 09:06:01', '2021-07-07 09:06:01'),
(19, '350.00', '1.00', 1, 12, '2021-07-07 09:06:01', '2021-07-07 09:06:01'),
(20, '1000.00', '1.00', 3, 13, '2021-07-12 18:37:25', '2021-07-12 18:37:25'),
(21, '350.00', '1.00', 1, 14, '2021-07-12 18:38:25', '2021-07-12 18:38:25'),
(22, '350.00', '1.00', 1, 15, '2021-07-12 18:38:54', '2021-07-12 18:38:54'),
(23, '350.00', '1.00', 1, 16, '2021-07-12 18:40:22', '2021-07-12 18:40:22'),
(24, '1000.00', '1.00', 3, 17, '2021-07-13 01:36:51', '2021-07-13 01:36:51'),
(25, '850.00', '1.00', 4, 18, '2021-07-14 18:36:13', '2021-07-14 18:36:13'),
(26, '350.00', '2.00', 1, 18, '2021-07-14 18:36:13', '2021-07-14 18:36:13'),
(27, '150.00', '1.00', 5, 19, '2021-07-14 18:39:50', '2021-07-14 18:39:50'),
(28, '1000.00', '1.00', 3, 19, '2021-07-14 18:39:50', '2021-07-14 18:39:50'),
(29, '350.00', '1.00', 1, 20, '2021-07-15 00:52:53', '2021-07-15 00:52:53'),
(30, '500.00', '1.00', 2, 20, '2021-07-15 00:52:53', '2021-07-15 00:52:53'),
(31, '350.00', '1.00', 1, 21, '2021-07-15 00:55:18', '2021-07-15 00:55:18'),
(32, '350.00', '1.00', 1, 22, '2021-07-15 00:57:47', '2021-07-15 00:57:47'),
(33, '350.00', '1.00', 1, 23, '2021-07-15 00:59:15', '2021-07-15 00:59:15'),
(34, '350.00', '1.00', 1, 24, '2021-07-15 01:03:00', '2021-07-15 01:03:00'),
(35, '150.00', '1.00', 5, 25, '2021-07-15 01:06:24', '2021-07-15 01:06:24'),
(36, '500.00', '1.00', 2, 26, '2021-07-15 01:08:18', '2021-07-15 01:08:18'),
(37, '350.00', '2.00', 1, 27, '2021-07-15 01:26:03', '2021-07-15 01:26:03'),
(38, '500.00', '1.00', 2, 27, '2021-07-15 01:26:03', '2021-07-15 01:26:03'),
(39, '850.00', '1.00', 4, 27, '2021-07-15 01:26:03', '2021-07-15 01:26:03'),
(40, '350.00', '3.00', 1, 28, '2021-07-15 04:37:02', '2021-07-15 04:37:02'),
(41, '850.00', '2.00', 4, 28, '2021-07-15 04:37:02', '2021-07-15 04:37:02'),
(42, '350.00', '1.00', 1, 29, '2021-07-15 04:37:59', '2021-07-15 04:37:59'),
(43, '850.00', '1.00', 4, 29, '2021-07-15 04:37:59', '2021-07-15 04:37:59'),
(44, '350.00', '1.00', 1, 30, '2021-07-15 05:45:45', '2021-07-15 05:45:45'),
(45, '350.00', '1.00', 1, 31, '2021-07-15 05:48:38', '2021-07-15 05:48:38'),
(46, '350.00', '1.00', 1, 32, '2021-07-15 05:49:55', '2021-07-15 05:49:55'),
(47, '850.00', '1.00', 4, 33, '2021-07-15 05:50:21', '2021-07-15 05:50:21'),
(48, '350.00', '1.00', 1, 34, '2021-07-15 06:13:27', '2021-07-15 06:13:27'),
(49, '350.00', '1.00', 1, 35, '2021-07-15 06:13:54', '2021-07-15 06:13:54'),
(50, '850.00', '1.00', 4, 36, '2021-07-15 06:16:50', '2021-07-15 06:16:50'),
(51, '350.00', '1.00', 1, 37, '2021-07-15 06:23:26', '2021-07-15 06:23:26'),
(52, '350.00', '1.00', 1, 38, '2021-07-15 06:23:48', '2021-07-15 06:23:48'),
(53, '850.00', '1.00', 4, 39, '2021-07-15 06:24:10', '2021-07-15 06:24:10'),
(54, '350.00', '1.00', 1, 40, '2021-07-15 19:06:47', '2021-07-15 19:06:47'),
(55, '850.00', '1.00', 4, 40, '2021-07-15 19:06:47', '2021-07-15 19:06:47'),
(56, '850.00', '1.00', 4, 41, '2021-07-15 19:08:12', '2021-07-15 19:08:12'),
(57, '350.00', '1.00', 1, 41, '2021-07-15 19:08:12', '2021-07-15 19:08:12'),
(58, '850.00', '1.00', 4, 42, '2021-07-15 19:17:15', '2021-07-15 19:17:15'),
(59, '850.00', '1.00', 4, 43, '2021-07-15 19:18:30', '2021-07-15 19:18:30'),
(60, '850.00', '1.00', 4, 44, '2021-07-15 19:19:00', '2021-07-15 19:19:00'),
(61, '850.00', '1.00', 4, 45, '2021-07-15 19:20:30', '2021-07-15 19:20:30'),
(62, '850.00', '1.00', 4, 46, '2021-07-15 19:21:02', '2021-07-15 19:21:02'),
(63, '850.00', '1.00', 4, 47, '2021-07-15 19:25:40', '2021-07-15 19:25:40'),
(64, '350.00', '1.00', 1, 48, '2021-07-15 19:26:26', '2021-07-15 19:26:26'),
(65, '850.00', '1.00', 4, 49, '2021-07-15 19:27:12', '2021-07-15 19:27:12'),
(66, '350.00', '1.00', 1, 50, '2021-07-15 19:28:19', '2021-07-15 19:28:19'),
(67, '350.00', '1.00', 1, 51, '2021-07-15 19:28:42', '2021-07-15 19:28:42'),
(68, '350.00', '1.00', 1, 52, '2021-07-15 19:29:12', '2021-07-15 19:29:12'),
(69, '850.00', '1.00', 4, 53, '2021-07-15 19:36:46', '2021-07-15 19:36:46'),
(70, '850.00', '1.00', 4, 54, '2021-07-15 19:38:37', '2021-07-15 19:38:37'),
(71, '350.00', '1.00', 1, 55, '2021-07-15 20:20:19', '2021-07-15 20:20:19'),
(72, '850.00', '1.00', 4, 56, '2021-07-15 20:20:53', '2021-07-15 20:20:53'),
(73, '350.00', '1.00', 1, 57, '2021-07-15 20:21:53', '2021-07-15 20:21:53'),
(74, '350.00', '1.00', 1, 58, '2021-07-15 20:26:28', '2021-07-15 20:26:28'),
(75, '850.00', '1.00', 4, 59, '2021-07-15 20:27:30', '2021-07-15 20:27:30'),
(76, '350.00', '1.00', 1, 60, '2021-07-15 20:32:20', '2021-07-15 20:32:20'),
(77, '850.00', '1.00', 4, 61, '2021-07-15 20:33:00', '2021-07-15 20:33:00'),
(78, '850.00', '1.00', 4, 62, '2021-07-15 20:35:18', '2021-07-15 20:35:18'),
(79, '850.00', '1.00', 4, 63, '2021-07-15 20:36:05', '2021-07-15 20:36:05'),
(80, '350.00', '1.00', 1, 64, '2021-07-15 20:36:48', '2021-07-15 20:36:48'),
(81, '850.00', '1.00', 4, 65, '2021-07-15 20:40:16', '2021-07-15 20:40:16'),
(82, '850.00', '1.00', 4, 66, '2021-07-15 20:40:32', '2021-07-15 20:40:32'),
(83, '850.00', '1.00', 4, 67, '2021-07-15 20:40:41', '2021-07-15 20:40:41'),
(84, '350.00', '1.00', 1, 68, '2021-07-15 20:41:00', '2021-07-15 20:41:00'),
(85, '850.00', '1.00', 4, 69, '2021-07-15 20:41:08', '2021-07-15 20:41:08'),
(86, '350.00', '1.00', 1, 70, '2021-07-15 20:45:43', '2021-07-15 20:45:43'),
(87, '350.00', '1.00', 1, 71, '2021-07-15 20:45:57', '2021-07-15 20:45:57'),
(88, '850.00', '1.00', 4, 72, '2021-07-15 20:52:56', '2021-07-15 20:52:56'),
(89, '850.00', '1.00', 4, 73, '2021-07-15 20:53:06', '2021-07-15 20:53:06'),
(90, '350.00', '1.00', 1, 74, '2021-07-15 20:57:32', '2021-07-15 20:57:32'),
(91, '850.00', '1.00', 4, 75, '2021-07-15 20:59:48', '2021-07-15 20:59:48'),
(92, '850.00', '1.00', 4, 76, '2021-07-15 22:02:48', '2021-07-15 22:02:48'),
(93, '850.00', '1.00', 4, 77, '2021-07-15 22:04:39', '2021-07-15 22:04:39'),
(94, '850.00', '1.00', 4, 78, '2021-07-15 22:09:47', '2021-07-15 22:09:47'),
(95, '850.00', '1.00', 4, 79, '2021-07-15 22:29:20', '2021-07-15 22:29:20'),
(96, '850.00', '1.00', 4, 80, '2021-07-15 22:29:44', '2021-07-15 22:29:44'),
(97, '850.00', '1.00', 4, 81, '2021-07-15 22:29:57', '2021-07-15 22:29:57'),
(98, '850.00', '1.00', 4, 82, '2021-07-15 22:30:22', '2021-07-15 22:30:22'),
(99, '850.00', '1.00', 4, 83, '2021-07-15 22:30:31', '2021-07-15 22:30:31'),
(100, '850.00', '1.00', 4, 84, '2021-07-15 22:47:26', '2021-07-15 22:47:26'),
(101, '850.00', '1.00', 4, 85, '2021-07-15 22:47:45', '2021-07-15 22:47:45'),
(102, '850.00', '1.00', 4, 86, '2021-07-15 22:50:11', '2021-07-15 22:50:11'),
(103, '850.00', '1.00', 4, 87, '2021-07-15 22:50:20', '2021-07-15 22:50:20'),
(104, '350.00', '1.00', 1, 88, '2021-07-24 05:35:06', '2021-07-24 05:35:06'),
(105, '850.00', '1.00', 4, 88, '2021-07-24 05:35:06', '2021-07-24 05:35:06'),
(106, '500.00', '1.00', 2, 88, '2021-07-24 05:35:06', '2021-07-24 05:35:06'),
(107, '1000.00', '1.00', 3, 88, '2021-07-24 05:35:06', '2021-07-24 05:35:06'),
(108, '150.00', '1.00', 5, 88, '2021-07-24 05:35:06', '2021-07-24 05:35:06'),
(109, '500.00', '1.00', 2, 89, '2021-07-24 05:38:01', '2021-07-24 05:38:01'),
(110, '1000.00', '1.00', 3, 89, '2021-07-24 05:38:01', '2021-07-24 05:38:01'),
(111, '350.00', '1.00', 1, 90, '2021-07-24 05:38:46', '2021-07-24 05:38:46'),
(112, '500.00', '1.00', 2, 90, '2021-07-24 05:38:46', '2021-07-24 05:38:46'),
(113, '1000.00', '1.00', 3, 90, '2021-07-24 05:38:46', '2021-07-24 05:38:46'),
(114, '1000.00', '1.00', 3, 91, '2021-07-24 05:42:51', '2021-07-24 05:42:51'),
(115, '500.00', '1.00', 2, 91, '2021-07-24 05:42:52', '2021-07-24 05:42:52'),
(116, '350.00', '1.00', 1, 91, '2021-07-24 05:42:52', '2021-07-24 05:42:52'),
(117, '850.00', '1.00', 4, 91, '2021-07-24 05:42:52', '2021-07-24 05:42:52'),
(118, '150.00', '1.00', 5, 91, '2021-07-24 05:42:52', '2021-07-24 05:42:52'),
(119, '350.00', '1.00', 1, 92, '2021-07-24 05:44:57', '2021-07-24 05:44:57'),
(120, '850.00', '1.00', 4, 92, '2021-07-24 05:44:57', '2021-07-24 05:44:57'),
(121, '500.00', '1.00', 2, 92, '2021-07-24 05:44:57', '2021-07-24 05:44:57'),
(122, '1000.00', '1.00', 3, 92, '2021-07-24 05:44:57', '2021-07-24 05:44:57'),
(123, '150.00', '1.00', 5, 92, '2021-07-24 05:44:57', '2021-07-24 05:44:57'),
(124, '150.00', '1.00', 5, 93, '2021-07-24 05:47:17', '2021-07-24 05:47:17'),
(125, '350.00', '1.00', 1, 93, '2021-07-24 05:47:17', '2021-07-24 05:47:17'),
(126, '850.00', '1.00', 4, 93, '2021-07-24 05:47:17', '2021-07-24 05:47:17'),
(127, '500.00', '1.00', 2, 93, '2021-07-24 05:47:17', '2021-07-24 05:47:17'),
(128, '1000.00', '1.00', 3, 93, '2021-07-24 05:47:17', '2021-07-24 05:47:17'),
(129, '350.00', '1.00', 1, 94, '2021-07-27 02:17:05', '2021-07-27 02:17:05'),
(130, '350.00', '1.00', 1, 95, '2021-07-27 02:19:35', '2021-07-27 02:19:35'),
(131, '350.00', '1.00', 1, 96, '2021-07-27 02:22:34', '2021-07-27 02:22:34'),
(132, '350.00', '1.00', 1, 97, '2021-07-27 02:23:06', '2021-07-27 02:23:06'),
(133, '350.00', '1.00', 1, 98, '2021-07-27 02:23:48', '2021-07-27 02:23:48'),
(134, '350.00', '1.00', 1, 99, '2021-07-27 02:26:45', '2021-07-27 02:26:45'),
(135, '350.00', '1.00', 1, 100, '2021-07-27 02:27:43', '2021-07-27 02:27:43'),
(136, '350.00', '1.00', 1, 101, '2021-07-27 02:34:21', '2021-07-27 02:34:21'),
(137, '350.00', '1.00', 1, 102, '2021-07-27 02:39:26', '2021-07-27 02:39:26'),
(138, '350.00', '1.00', 1, 103, '2021-07-27 02:40:16', '2021-07-27 02:40:16'),
(139, '850.00', '1.00', 4, 103, '2021-07-27 02:40:16', '2021-07-27 02:40:16'),
(140, '350.00', '1.00', 1, 104, '2021-07-27 02:45:01', '2021-07-27 02:45:01'),
(141, '850.00', '1.00', 4, 104, '2021-07-27 02:45:01', '2021-07-27 02:45:01'),
(142, '350.00', '1.00', 1, 105, '2021-07-27 02:47:10', '2021-07-27 02:47:10'),
(143, '850.00', '1.00', 4, 105, '2021-07-27 02:47:10', '2021-07-27 02:47:10'),
(144, '350.00', '1.00', 1, 106, '2021-07-27 02:53:48', '2021-07-27 02:53:48'),
(145, '350.00', '1.00', 1, 107, '2021-07-27 02:55:35', '2021-07-27 02:55:35'),
(146, '350.00', '1.00', 1, 108, '2021-07-27 02:57:39', '2021-07-27 02:57:39'),
(147, '350.00', '1.00', 1, 109, '2021-07-27 03:00:31', '2021-07-27 03:00:31'),
(148, '350.00', '1.00', 1, 110, '2021-07-27 03:00:39', '2021-07-27 03:00:39'),
(149, '350.00', '2.00', 1, 111, '2021-07-27 03:06:59', '2021-07-27 03:06:59'),
(150, '850.00', '1.00', 4, 111, '2021-07-27 03:06:59', '2021-07-27 03:06:59'),
(151, '350.00', '1.00', 1, 112, '2021-07-27 03:09:16', '2021-07-27 03:09:16'),
(152, '850.00', '1.00', 4, 112, '2021-07-27 03:09:16', '2021-07-27 03:09:16'),
(153, '850.00', '1.00', 4, 113, '2021-07-27 03:09:59', '2021-07-27 03:09:59'),
(154, '350.00', '1.00', 1, 114, '2021-07-27 03:12:47', '2021-07-27 03:12:47'),
(155, '350.00', '1.00', 1, 115, '2021-07-27 03:15:14', '2021-07-27 03:15:14'),
(156, '350.00', '1.00', 1, 116, '2021-07-27 03:17:05', '2021-07-27 03:17:05'),
(157, '850.00', '1.00', 4, 117, '2021-07-27 03:18:04', '2021-07-27 03:18:04'),
(158, '850.00', '1.00', 4, 118, '2021-07-27 03:19:12', '2021-07-27 03:19:12'),
(159, '850.00', '2.00', 4, 119, '2021-07-27 03:33:40', '2021-07-27 03:33:40'),
(160, '350.00', '3.00', 1, 119, '2021-07-27 03:33:40', '2021-07-27 03:33:40'),
(161, '850.00', '1.00', 4, 120, '2021-07-27 03:39:52', '2021-07-27 03:39:52'),
(162, '350.00', '1.00', 1, 120, '2021-07-27 03:39:52', '2021-07-27 03:39:52'),
(163, '500.00', '1.00', 2, 120, '2021-07-27 03:39:52', '2021-07-27 03:39:52'),
(164, '150.00', '1.00', 5, 121, '2021-08-19 08:59:17', '2021-08-19 08:59:17'),
(165, '350.00', '1.00', 1, 122, '2021-08-19 09:15:13', '2021-08-19 09:15:13'),
(166, '850.00', '1.00', 4, 122, '2021-08-19 09:15:13', '2021-08-19 09:15:13'),
(167, '1000.00', '2.00', 3, 122, '2021-08-19 09:15:13', '2021-08-19 09:15:13'),
(168, '150.00', '1.00', 5, 122, '2021-08-19 09:15:13', '2021-08-19 09:15:13'),
(169, '500.00', '1.00', 2, 122, '2021-08-19 09:15:13', '2021-08-19 09:15:13'),
(170, '1000.00', '1.00', 3, 123, '2021-08-19 09:40:42', '2021-08-19 09:40:42'),
(171, '350.00', '1.00', 1, 123, '2021-08-19 09:40:42', '2021-08-19 09:40:42'),
(172, '850.00', '1.00', 4, 123, '2021-08-19 09:40:42', '2021-08-19 09:40:42'),
(173, '125.00', '1.00', 7, 124, '2021-08-20 00:57:57', '2021-08-20 00:57:57'),
(174, '5000.51', '1.00', 6, 124, '2021-08-20 00:57:57', '2021-08-20 00:57:57'),
(175, '150.00', '1.00', 5, 125, '2021-09-29 19:53:40', '2021-09-29 19:53:40'),
(176, '1000.00', '1.00', 3, 125, '2021-09-29 19:53:40', '2021-09-29 19:53:40'),
(177, '350.00', '1.00', 1, 125, '2021-09-29 19:53:40', '2021-09-29 19:53:40'),
(178, '350.00', '1.00', 1, 126, '2021-10-02 04:59:19', '2021-10-02 04:59:19'),
(179, '1000.00', '1.00', 3, 126, '2021-10-02 04:59:19', '2021-10-02 04:59:19'),
(180, '850.00', '1.00', 4, 126, '2021-10-02 04:59:19', '2021-10-02 04:59:19'),
(181, '500.00', '1.00', 2, 126, '2021-10-02 04:59:19', '2021-10-02 04:59:19'),
(182, '1000.00', '1.00', 3, 127, '2021-10-02 05:02:36', '2021-10-02 05:02:36'),
(183, '350.00', '1.00', 1, 128, '2021-10-02 05:03:29', '2021-10-02 05:03:29'),
(184, '350.00', '1.00', 1, 129, '2021-10-02 05:04:40', '2021-10-02 05:04:40'),
(185, '850.00', '1.00', 4, 130, '2021-10-02 05:05:44', '2021-10-02 05:05:44'),
(186, '1000.00', '1.00', 3, 130, '2021-10-02 05:05:44', '2021-10-02 05:05:44'),
(187, '350.00', '3.00', 1, 130, '2021-10-02 05:05:44', '2021-10-02 05:05:44'),
(188, '350.00', '1.00', 1, 131, '2021-10-02 05:10:53', '2021-10-02 05:10:53'),
(189, '850.00', '1.00', 4, 131, '2021-10-02 05:10:53', '2021-10-02 05:10:53'),
(190, '500.00', '1.00', 2, 132, '2021-10-02 05:11:15', '2021-10-02 05:11:15'),
(191, '125.00', '1.00', 7, 133, '2021-10-02 09:04:31', '2021-10-02 09:04:31'),
(192, '850.00', '1.00', 4, 133, '2021-10-02 09:04:31', '2021-10-02 09:04:31'),
(193, '350.00', '1.00', 1, 134, '2021-10-02 18:31:51', '2021-10-02 18:31:51'),
(194, '850.00', '1.00', 4, 135, '2021-10-02 18:36:26', '2021-10-02 18:36:26'),
(195, '850.00', '1.00', 4, 136, '2021-10-02 18:44:01', '2021-10-02 18:44:01'),
(196, '350.00', '1.00', 1, 137, '2021-10-02 18:44:21', '2021-10-02 18:44:21'),
(197, '1000.00', '1.00', 3, 138, '2021-10-02 19:02:06', '2021-10-02 19:02:06'),
(198, '350.00', '1.00', 1, 139, '2021-10-02 19:20:05', '2021-10-02 19:20:05'),
(199, '350.00', '1.00', 1, 140, '2021-10-02 19:20:54', '2021-10-02 19:20:54'),
(200, '1000.00', '1.00', 3, 141, '2021-10-02 19:25:53', '2021-10-02 19:25:53'),
(201, '1000.00', '1.00', 3, 142, '2021-10-02 19:42:36', '2021-10-02 19:42:36'),
(202, '150.00', '1.00', 5, 143, '2021-10-02 19:42:55', '2021-10-02 19:42:55'),
(203, '1000.00', '1.00', 3, 144, '2021-10-02 19:45:07', '2021-10-02 19:45:07'),
(204, '125.00', '1.00', 7, 145, '2021-10-02 19:46:08', '2021-10-02 19:46:08'),
(205, '350.00', '1.00', 1, 146, '2021-10-02 19:46:53', '2021-10-02 19:46:53'),
(206, '350.00', '1.00', 1, 147, '2021-10-02 19:47:16', '2021-10-02 19:47:16'),
(207, '1000.00', '1.00', 3, 148, '2021-10-02 19:49:32', '2021-10-02 19:49:32'),
(208, '1000.00', '1.00', 3, 149, '2021-10-02 19:50:06', '2021-10-02 19:50:06'),
(209, '350.00', '1.00', 1, 150, '2021-10-02 19:54:14', '2021-10-02 19:54:14'),
(210, '150.00', '1.00', 5, 151, '2021-10-02 20:05:47', '2021-10-02 20:05:47'),
(211, '1000.00', '1.00', 3, 152, '2021-10-02 20:06:43', '2021-10-02 20:06:43'),
(212, '150.00', '1.00', 5, 153, '2021-10-02 20:07:03', '2021-10-02 20:07:03'),
(213, '1000.00', '1.00', 3, 154, '2021-10-02 20:07:34', '2021-10-02 20:07:34'),
(214, '1000.00', '1.00', 3, 155, '2021-10-02 20:08:21', '2021-10-02 20:08:21'),
(215, '350.00', '1.00', 1, 156, '2021-10-02 20:46:05', '2021-10-02 20:46:05'),
(216, '850.00', '1.00', 4, 156, '2021-10-02 20:46:05', '2021-10-02 20:46:05'),
(217, '350.00', '1.00', 1, 157, '2021-10-02 20:46:36', '2021-10-02 20:46:36'),
(218, '850.00', '1.00', 4, 157, '2021-10-02 20:46:36', '2021-10-02 20:46:36'),
(219, '150.00', '1.00', 5, 157, '2021-10-02 20:46:36', '2021-10-02 20:46:36'),
(220, '350.00', '1.00', 1, 158, '2021-10-02 20:49:42', '2021-10-02 20:49:42'),
(221, '125.00', '1.00', 7, 158, '2021-10-02 20:49:42', '2021-10-02 20:49:42'),
(222, '1000.00', '1.00', 3, 159, '2021-10-02 20:50:19', '2021-10-02 20:50:19'),
(223, '150.00', '1.00', 5, 159, '2021-10-02 20:50:19', '2021-10-02 20:50:19'),
(224, '350.00', '1.00', 1, 160, '2021-10-02 20:57:36', '2021-10-02 20:57:36'),
(225, '850.00', '1.00', 4, 160, '2021-10-02 20:57:36', '2021-10-02 20:57:36'),
(226, '350.00', '1.00', 1, 161, '2021-10-02 20:58:37', '2021-10-02 20:58:37'),
(227, '850.00', '1.00', 4, 161, '2021-10-02 20:58:37', '2021-10-02 20:58:37'),
(228, '350.00', '1.00', 1, 162, '2021-10-02 21:25:18', '2021-10-02 21:25:18'),
(229, '850.00', '1.00', 4, 162, '2021-10-02 21:25:18', '2021-10-02 21:25:18'),
(230, '1000.00', '1.00', 3, 162, '2021-10-02 21:25:18', '2021-10-02 21:25:18'),
(231, '1000.00', '1.00', 3, 163, '2021-10-02 21:28:15', '2021-10-02 21:28:15'),
(232, '350.00', '1.00', 1, 163, '2021-10-02 21:28:15', '2021-10-02 21:28:15'),
(233, '850.00', '1.00', 4, 163, '2021-10-02 21:28:15', '2021-10-02 21:28:15'),
(234, '1000.00', '1.00', 3, 164, '2021-10-02 21:28:45', '2021-10-02 21:28:45'),
(235, '350.00', '1.00', 1, 164, '2021-10-02 21:28:45', '2021-10-02 21:28:45'),
(236, '850.00', '1.00', 4, 164, '2021-10-02 21:28:45', '2021-10-02 21:28:45'),
(237, '350.00', '1.00', 1, 165, '2021-10-05 00:47:24', '2021-10-05 00:47:24'),
(238, '150.00', '1.00', 5, 166, '2021-10-14 21:09:36', '2021-10-14 21:09:36'),
(239, '125.00', '1.00', 7, 166, '2021-10-14 21:09:36', '2021-10-14 21:09:36');

-- --------------------------------------------------------

--
-- Estructura de tabla para la tabla `users`
--

CREATE TABLE `users` (
  `id` bigint(20) UNSIGNED NOT NULL,
  `name` varchar(255) COLLATE utf8mb4_unicode_ci NOT NULL,
  `phone` varchar(10) COLLATE utf8mb4_unicode_ci DEFAULT NULL,
  `email` varchar(100) COLLATE utf8mb4_unicode_ci NOT NULL,
  `profile` varchar(50) COLLATE utf8mb4_unicode_ci NOT NULL DEFAULT '',
  `status` enum('Active','Locked') COLLATE utf8mb4_unicode_ci NOT NULL DEFAULT 'Active',
  `email_verified_at` timestamp NULL DEFAULT NULL,
  `password` varchar(255) COLLATE utf8mb4_unicode_ci NOT NULL,
  `image` varchar(50) COLLATE utf8mb4_unicode_ci DEFAULT NULL,
  `remember_token` varchar(100) COLLATE utf8mb4_unicode_ci DEFAULT NULL,
  `created_at` timestamp NULL DEFAULT NULL,
  `updated_at` timestamp NULL DEFAULT NULL
) ENGINE=InnoDB DEFAULT CHARSET=utf8mb4 COLLATE=utf8mb4_unicode_ci;

--
-- Volcado de datos para la tabla `users`
--

INSERT INTO `users` (`id`, `name`, `phone`, `email`, `profile`, `status`, `email_verified_at`, `password`, `image`, `remember_token`, `created_at`, `updated_at`) VALUES
(1, 'Luis Fax', '3511159550', 'luisfaax@gmail.com', 'Admin', 'Active', NULL, '$2y$10$AEuntP9qyPTXeMeDEfWi..EytM77c8my751NEWLhFwIho1f8ScEVW', NULL, NULL, '2021-04-28 04:11:14', '2021-08-18 21:27:00'),
(3, 'Melisa', '', 'melisa@gmail.com', 'Cliente', 'Active', NULL, '$2y$10$A0YggptMiRiI45B8eGuU4OZUWUxGprYCGRXk1p9e80HnKDYoNmEVy', NULL, NULL, '2021-06-22 20:01:58', '2021-07-08 19:21:40'),
(5, 'MARIO', NULL, 'mario@gmail.com', 'Cliente', 'Locked', NULL, '$2y$10$/sf4Q7OlLgcyYucTlUT0O.rYLbux/UCUG8qyu9fW6OmQ3AAg481XO', '', NULL, '2021-06-22 20:35:25', '2021-06-22 20:43:34');

--
-- Índices para tablas volcadas
--

--
-- Indices de la tabla `categories`
--
ALTER TABLE `categories`
  ADD PRIMARY KEY (`id`);

--
-- Indices de la tabla `companies`
--
ALTER TABLE `companies`
  ADD PRIMARY KEY (`id`);

--
-- Indices de la tabla `denominations`
--
ALTER TABLE `denominations`
  ADD PRIMARY KEY (`id`);

--
-- Indices de la tabla `failed_jobs`
--
ALTER TABLE `failed_jobs`
  ADD PRIMARY KEY (`id`),
  ADD UNIQUE KEY `failed_jobs_uuid_unique` (`uuid`);

--
-- Indices de la tabla `migrations`
--
ALTER TABLE `migrations`
  ADD PRIMARY KEY (`id`);

--
-- Indices de la tabla `model_has_permissions`
--
ALTER TABLE `model_has_permissions`
  ADD PRIMARY KEY (`permission_id`,`model_id`,`model_type`),
  ADD KEY `model_has_permissions_model_id_model_type_index` (`model_id`,`model_type`);

--
-- Indices de la tabla `model_has_roles`
--
ALTER TABLE `model_has_roles`
  ADD PRIMARY KEY (`role_id`,`model_id`,`model_type`),
  ADD KEY `model_has_roles_model_id_model_type_index` (`model_id`,`model_type`);

--
-- Indices de la tabla `password_resets`
--
ALTER TABLE `password_resets`
  ADD KEY `password_resets_email_index` (`email`);

--
-- Indices de la tabla `permissions`
--
ALTER TABLE `permissions`
  ADD PRIMARY KEY (`id`),
  ADD UNIQUE KEY `permissions_name_guard_name_unique` (`name`,`guard_name`);

--
-- Indices de la tabla `products`
--
ALTER TABLE `products`
  ADD PRIMARY KEY (`id`),
  ADD KEY `products_category_id_foreign` (`category_id`);

--
-- Indices de la tabla `roles`
--
ALTER TABLE `roles`
  ADD PRIMARY KEY (`id`),
  ADD UNIQUE KEY `roles_name_guard_name_unique` (`name`,`guard_name`);

--
-- Indices de la tabla `role_has_permissions`
--
ALTER TABLE `role_has_permissions`
  ADD PRIMARY KEY (`permission_id`,`role_id`),
  ADD KEY `role_has_permissions_role_id_foreign` (`role_id`);

--
-- Indices de la tabla `sales`
--
ALTER TABLE `sales`
  ADD PRIMARY KEY (`id`),
  ADD KEY `sales_user_id_foreign` (`user_id`);

--
-- Indices de la tabla `sale_details`
--
ALTER TABLE `sale_details`
  ADD PRIMARY KEY (`id`),
  ADD KEY `sale_details_product_id_foreign` (`product_id`),
  ADD KEY `sale_details_sale_id_foreign` (`sale_id`);

--
-- Indices de la tabla `users`
--
ALTER TABLE `users`
  ADD PRIMARY KEY (`id`),
  ADD UNIQUE KEY `users_email_unique` (`email`);

--
-- AUTO_INCREMENT de las tablas volcadas
--

--
-- AUTO_INCREMENT de la tabla `categories`
--
ALTER TABLE `categories`
  MODIFY `id` bigint(20) UNSIGNED NOT NULL AUTO_INCREMENT, AUTO_INCREMENT=15;

--
-- AUTO_INCREMENT de la tabla `companies`
--
ALTER TABLE `companies`
  MODIFY `id` bigint(20) UNSIGNED NOT NULL AUTO_INCREMENT, AUTO_INCREMENT=2;

--
-- AUTO_INCREMENT de la tabla `denominations`
--
ALTER TABLE `denominations`
  MODIFY `id` bigint(20) UNSIGNED NOT NULL AUTO_INCREMENT, AUTO_INCREMENT=15;

--
-- AUTO_INCREMENT de la tabla `failed_jobs`
--
ALTER TABLE `failed_jobs`
  MODIFY `id` bigint(20) UNSIGNED NOT NULL AUTO_INCREMENT;

--
-- AUTO_INCREMENT de la tabla `migrations`
--
ALTER TABLE `migrations`
  MODIFY `id` int(10) UNSIGNED NOT NULL AUTO_INCREMENT, AUTO_INCREMENT=11;

--
-- AUTO_INCREMENT de la tabla `permissions`
--
ALTER TABLE `permissions`
  MODIFY `id` bigint(20) UNSIGNED NOT NULL AUTO_INCREMENT, AUTO_INCREMENT=11;

--
-- AUTO_INCREMENT de la tabla `products`
--
ALTER TABLE `products`
  MODIFY `id` bigint(20) UNSIGNED NOT NULL AUTO_INCREMENT, AUTO_INCREMENT=8;

--
-- AUTO_INCREMENT de la tabla `roles`
--
ALTER TABLE `roles`
  MODIFY `id` bigint(20) UNSIGNED NOT NULL AUTO_INCREMENT, AUTO_INCREMENT=4;

--
-- AUTO_INCREMENT de la tabla `sales`
--
ALTER TABLE `sales`
  MODIFY `id` bigint(20) UNSIGNED NOT NULL AUTO_INCREMENT, AUTO_INCREMENT=167;

--
-- AUTO_INCREMENT de la tabla `sale_details`
--
ALTER TABLE `sale_details`
  MODIFY `id` bigint(20) UNSIGNED NOT NULL AUTO_INCREMENT, AUTO_INCREMENT=240;

--
-- AUTO_INCREMENT de la tabla `users`
--
ALTER TABLE `users`
  MODIFY `id` bigint(20) UNSIGNED NOT NULL AUTO_INCREMENT, AUTO_INCREMENT=6;

--
-- Restricciones para tablas volcadas
--

--
-- Filtros para la tabla `model_has_permissions`
--
ALTER TABLE `model_has_permissions`
  ADD CONSTRAINT `model_has_permissions_permission_id_foreign` FOREIGN KEY (`permission_id`) REFERENCES `permissions` (`id`) ON DELETE CASCADE;

--
-- Filtros para la tabla `model_has_roles`
--
ALTER TABLE `model_has_roles`
  ADD CONSTRAINT `model_has_roles_role_id_foreign` FOREIGN KEY (`role_id`) REFERENCES `roles` (`id`) ON DELETE CASCADE;

--
-- Filtros para la tabla `products`
--
ALTER TABLE `products`
  ADD CONSTRAINT `products_category_id_foreign` FOREIGN KEY (`category_id`) REFERENCES `categories` (`id`);

--
-- Filtros para la tabla `role_has_permissions`
--
ALTER TABLE `role_has_permissions`
  ADD CONSTRAINT `role_has_permissions_permission_id_foreign` FOREIGN KEY (`permission_id`) REFERENCES `permissions` (`id`) ON DELETE CASCADE,
  ADD CONSTRAINT `role_has_permissions_role_id_foreign` FOREIGN KEY (`role_id`) REFERENCES `roles` (`id`) ON DELETE CASCADE;

--
-- Filtros para la tabla `sales`
--
ALTER TABLE `sales`
  ADD CONSTRAINT `sales_user_id_foreign` FOREIGN KEY (`user_id`) REFERENCES `users` (`id`);

--
-- Filtros para la tabla `sale_details`
--
ALTER TABLE `sale_details`
  ADD CONSTRAINT `sale_details_product_id_foreign` FOREIGN KEY (`product_id`) REFERENCES `products` (`id`),
  ADD CONSTRAINT `sale_details_sale_id_foreign` FOREIGN KEY (`sale_id`) REFERENCES `sales` (`id`);
COMMIT;

/*!40101 SET CHARACTER_SET_CLIENT=@OLD_CHARACTER_SET_CLIENT */;
/*!40101 SET CHARACTER_SET_RESULTS=@OLD_CHARACTER_SET_RESULTS */;
/*!40101 SET COLLATION_CONNECTION=@OLD_COLLATION_CONNECTION */;
